تشغيل	الحالة	الملف التعريفي	عنوان المقال	الهدف	نوع المقال	السوق المستهدف	الكلمة المفتاحية الرئيسية	تكرار الكلمة	الكلمات الثانوية	الكلمات المرتبطة	العناوين الداخلية	الروابط الداخلية	استشهادات إلزامية	دور المقالة	المقالة الحالية	ملاحظات	الدرجة الآلية	نتيجة الفحص	المخالفات الباقية	الدرجة النهائية	الدورات	عدد الكلمات	مقارنة بالمرجع	Meta Title	Meta Description	المقال	تقرير التدقيق	محضر الاجتماع	المصادر	وقت التنفيذ	رقم التشغيل
FALSE		rabeh_article_ar_deepseek	ما هي اعلانات جوجل ادوردز؟ دليل عملي للسوق السعودي	جذب عملاء لخدمة إدارة إعلانات جوجل وتحويل الزائر إلى عميل محتمل	تجاري	السعودية	اعلانات جوجل ادوردز	8	"اعلانات جوجل
حملات جوجل الاعلانية
اسعار اعلانات جوجل"	"Google Ads
شبكة البحث
الكلمات المفتاحية
تكلفة النقرة
العائد على الإنفاق الإعلاني"	"H2: ما هي اعلانات جوجل ادوردز وكيف تعمل اليوم؟
H2: كيف تتم المحاسبة وما الذي يحدد سعر النقرة؟
H2: لماذا تتصدر اعلانات جوجل قنوات التسويق في السعودية؟
H2: الكلمات المفتاحية: أين تُهدر ميزانيتك فعليًا؟
H2: طرق الاستهداف داخل حملات جوجل الاعلانية
H2: كيف تختار من يدير حسابك؟ معايير قبل التوقيع
H2: كيف تعمل رابح على حسابك؟
H2: الأسئلة الشائعة (FAQ)"	"أنواع إعلانات جوجل | https://www.rabeh.org/ar/blog-show/انواع-اعلانات-جوجل
طريقة عمل اعلان على جوجل | https://www.rabeh.org/ar/blog-show/طريقة-عمل-اعلان-على-جوجل
ادارة حملات جوجل الاعلانية | https://www.rabeh.org/ar/blog-show/ادارة-حملات-جوجل-الاعلانية"	"Google Ads Help — «Multiply conversions with Performance Max»: https://support.google.com/google-ads/answer/11189316 — المعلنون الذين اعتمدوا Performance Max سجلوا زيادة متوسطها 27% في التحويلات أو قيمتها بتكلفة اكتساب أو عائد إنفاق مشابه.
Google Ads Help — «About AI Max for Search campaigns»: https://support.google.com/google-ads/answer/15910366 — المعلنون الذين يفعّلون AI Max يحققون عادة 14% تحويلات أو قيمة تحويل أعلى بتكلفة اكتساب أو عائد إنفاق مشابه (بيانات جوجل الداخلية 2025، لغير قطاع التجزئة).
DataReportal — «Digital 2026: Saudi Arabia»: https://datareportal.com/reports/digital-2026-saudi-arabia — 34.4 مليون مستخدم للإنترنت في السعودية بنهاية 2025 بنسبة انتشار 99.0%.
GASTAT — «ICT Access and Usage Statistics by Households and Individuals 2025»: https://www.stats.gov.sa/en/w/ict-access-and-usage-statistics-by-households-and-individuals-2025 — 96.8% من الأفراد (15–74 سنة) يستخدمون الإنترنت يوميًا على الأقل.
Google Ads Help — «Get negative keyword ideas using the search terms report»: https://support.google.com/google-ads/answer/7102466 — استخدام تقرير مصطلحات البحث لاستخراج الكلمات السلبية ومنع ظهور الإعلان لعمليات بحث غير ذات صلة."	Pillar		صف المعايرة — يقارن مباشرة بالمقال المرجعي															
FALSE		rabeh_article_ar_deepseek			معلوماتي	السعودية																									
